{"count":1,"gauges":{},"self":3.8994847999999998,"total":4.401344,"children":{"AgentSendState":{"count":200,"self":0.424624,"total":0.48943299999999995,"children":{"CollectObservations":{"count":800,"self":0.011467999999999999,"total":0.011467999999999999,"children":null},"CollectDiscreteActionMasks":{"count":800,"self":0.0079069999999999991,"total":0.0079069999999999991,"children":null},"RayPerceptionSensor.Perceive":{"count":800,"self":0.045433999999999995,"total":0.045433999999999995,"children":null}}},"DecideAction":{"count":200,"self":0.002794,"total":0.002794,"children":null},"AgentAct":{"count":200,"self":0.008537,"total":0.008537,"children":null}}}