{"count":1,"gauges":{},"self":27.071011199999997,"total":29.134556999999997,"children":{"AgentSendState":{"count":1425,"self":0.215965,"total":0.36408599999999997,"children":{"CollectObservations":{"count":5700,"self":0.077416,"total":0.077416,"children":null},"CollectDiscreteActionMasks":{"count":5700,"self":0.07070499999999999,"total":0.07070499999999999,"children":null}}},"DecideAction":{"count":1425,"self":1.24785,"total":1.63855,"children":{"RayPerceptionSensor.Perceive":{"count":11400,"self":0.3907,"total":0.3907,"children":null}}},"AgentAct":{"count":1425,"self":0.059364999999999994,"total":0.059364999999999994,"children":null}}}