{"count":1,"gauges":{"Crowd.CumulativeReward":{"count":30,"max":0.996485,"min":-18.76517,"value":0.976235032,"weightedAverage":-0.329432368}},"self":106.29799679999999,"total":112.00034199999999,"children":{"AgentSendState":{"count":5587,"self":0.51718999999999993,"total":0.82184399999999991,"children":{"CollectObservations":{"count":11180,"self":0.156215,"total":0.156215,"children":null},"CollectDiscreteActionMasks":{"count":11180,"self":0.148439,"total":0.148439,"children":null}}},"DecideAction":{"count":5587,"self":3.3903659999999998,"total":4.688381,"children":{"RayPerceptionSensor.Perceive":{"count":22360,"self":1.298015,"total":1.298015,"children":null}}},"AgentAct":{"count":5587,"self":0.191078,"total":0.191078,"children":null}}}