{"count":1,"gauges":{"Crowd.CumulativeReward":{"count":120,"max":0.966,"min":-5.02998257,"value":0.8840001,"weightedAverage":0.454278052}},"self":192.4167808,"total":202.68657,"children":{"AgentSendState":{"count":10112,"self":0.88103999999999993,"total":1.407258,"children":{"CollectObservations":{"count":20230,"self":0.269443,"total":0.269443,"children":null},"CollectDiscreteActionMasks":{"count":20230,"self":0.256775,"total":0.256775,"children":null}}},"DecideAction":{"count":10112,"self":6.1537967999999994,"total":8.519463,"children":{"RayPerceptionSensor.Perceive":{"count":40460,"self":2.365666,"total":2.365666,"children":null}}},"AgentAct":{"count":10112,"self":0.342099,"total":0.342099,"children":null}}}