{"count":1,"gauges":{},"self":102.89808,"total":108.10024899999999,"children":{"AgentSendState":{"count":5385,"self":0.802246,"total":1.350736,"children":{"CollectObservations":{"count":21540,"self":0.281595,"total":0.281595,"children":null},"CollectDiscreteActionMasks":{"count":21540,"self":0.266895,"total":0.266895,"children":null}}},"DecideAction":{"count":5385,"self":1.976907,"total":3.609048,"children":{"RayPerceptionSensor.Perceive":{"count":43080,"self":1.6321409999999998,"total":1.6321409999999998,"children":null}}},"AgentAct":{"count":5385,"self":0.24126399999999998,"total":0.24126399999999998,"children":null}}}