{"count":1,"gauges":{"Crowd.CumulativeReward":{"count":20,"max":0.96,"min":-6.119898,"value":0.7679999,"weightedAverage":-0.08392084}},"self":63.7133568,"total":67.74716699999999,"children":{"AgentSendState":{"count":3370,"self":0.37947,"total":0.60474299999999992,"children":{"CollectObservations":{"count":6740,"self":0.11613699999999999,"total":0.11613699999999999,"children":null},"CollectDiscreteActionMasks":{"count":6740,"self":0.109136,"total":0.109136,"children":null}}},"DecideAction":{"count":3370,"self":2.38381,"total":3.301935,"children":{"RayPerceptionSensor.Perceive":{"count":13480,"self":0.918125,"total":0.918125,"children":null}}},"AgentAct":{"count":3370,"self":0.126127,"total":0.126127,"children":null}}}