{"count":1,"gauges":{},"self":15.1521824,"total":16.503778,"children":{"AgentSendState":{"count":812,"self":0.9907149999999999,"total":1.3090929999999998,"children":{"CollectObservations":{"count":3260,"self":0.048648,"total":0.048648,"children":null},"CollectDiscreteActionMasks":{"count":3260,"self":0.036122999999999995,"total":0.036122999999999995,"children":null},"RayPerceptionSensor.Perceive":{"count":6520,"self":0.23360699999999998,"total":0.23360699999999998,"children":null}}},"DecideAction":{"count":812,"self":0.011125,"total":0.011125,"children":null},"AgentAct":{"count":812,"self":0.030428,"total":0.030428,"children":null}}}