{"count":1,"gauges":{},"self":2.805774,"total":2.8152369999999998,"children":{"AgentSendState":{"count":129,"self":0.003502,"total":0.003502,"children":null},"DecideAction":{"count":129,"self":0.0029969999999999997,"total":0.0029969999999999997,"children":null},"AgentAct":{"count":129,"self":0.001979,"total":0.001979,"children":null}}}