{"count":1,"gauges":{},"self":0.581564,"total":0.599136,"children":{"AgentSendState":{"count":22,"self":0.009294,"total":0.014457999999999999,"children":{"CollectObservations":{"count":20,"self":0.001022,"total":0.001022,"children":null},"CollectDiscreteActionMasks":{"count":20,"self":0.00024099999999999998,"total":0.00024099999999999998,"children":null},"RayPerceptionSensor.Perceive":{"count":40,"self":0.003901,"total":0.003901,"children":null}}},"DecideAction":{"count":22,"self":0.000412,"total":0.000412,"children":null},"AgentAct":{"count":22,"self":0.001398,"total":0.001398,"children":null}}}