{"count":1,"gauges":{},"self":5.9816088,"total":6.12555,"children":{"AgentSendState":{"count":298,"self":0.099067999999999989,"total":0.125246,"children":{"CollectObservations":{"count":240,"self":0.005292,"total":0.005292,"children":null},"CollectDiscreteActionMasks":{"count":240,"self":0.0030199999999999997,"total":0.0030199999999999997,"children":null},"RayPerceptionSensor.Perceive":{"count":240,"self":0.017866,"total":0.017866,"children":null}}},"DecideAction":{"count":298,"self":0.004183,"total":0.004183,"children":null},"AgentAct":{"count":298,"self":0.013271,"total":0.013271,"children":null}}}