{"count":1,"gauges":{},"self":1.6875289999999998,"total":1.7307979999999998,"children":{"AgentSendState":{"count":79,"self":0.027788999999999998,"total":0.037501,"children":{"CollectObservations":{"count":64,"self":0.001883,"total":0.001883,"children":null},"CollectDiscreteActionMasks":{"count":64,"self":0.000821,"total":0.000821,"children":null},"RayPerceptionSensor.Perceive":{"count":64,"self":0.0070079999999999995,"total":0.0070079999999999995,"children":null}}},"DecideAction":{"count":79,"self":0.001308,"total":0.001308,"children":null},"AgentAct":{"count":79,"self":0.002915,"total":0.002915,"children":null}}}