{"count":1,"gauges":{},"self":20.120492799999997,"total":20.407795999999998,"children":{"AgentSendState":{"count":1006,"self":0.038317,"total":0.044751,"children":{"CollectObservations":{"count":202,"self":0.0033499999999999997,"total":0.0033499999999999997,"children":null},"CollectDiscreteActionMasks":{"count":202,"self":0.003084,"total":0.003084,"children":null}}},"DecideAction":{"count":1006,"self":0.19061799999999998,"total":0.21639699999999998,"children":{"RayPerceptionSensor.Perceive":{"count":404,"self":0.025779,"total":0.025779,"children":null}}},"AgentAct":{"count":1006,"self":0.024745,"total":0.024745,"children":null}}}