{"count":1,"gauges":{},"self":0.83517199999999991,"total":0.888328,"children":{"AgentSendState":{"count":35,"self":0.0037849999999999997,"total":0.004252,"children":{"CollectObservations":{"count":7,"self":0.00034899999999999997,"total":0.00034899999999999997,"children":null},"CollectDiscreteActionMasks":{"count":7,"self":0.000118,"total":0.000118,"children":null}}},"DecideAction":{"count":35,"self":0.041465999999999996,"total":0.045163999999999996,"children":{"RayPerceptionSensor.Perceive":{"count":7,"self":0.003698,"total":0.003698,"children":null}}},"AgentAct":{"count":35,"self":0.00219,"total":0.00219,"children":null}}}